{
  "score_distribution": {
    "min": 0.030292823910713196,
    "max": 0.3395983874797821,
    "p50": 0.169755756855011,
    "p75": 0.197487473487854,
    "p90": 0.2209873169660568,
    "p95": 0.23597226142883299,
    "p99": 0.26572387218475335
  },
  "best_threshold": 0.12,
  "best_summary": {
    "signals": 343646,
    "win_rate": 0.4648475466031905,
    "avg_return": 0.009716830237753634,
    "cumulative": 1.433851496747772e+36,
    "max_drawdown": -0.6616142478211444,
    "sharpe": 0.22410061046630358
  },
  "all_thresholds": {
    "0.05": {
      "signals": 416996,
      "win_rate": 0.46074063060556936,
      "avg_ret": 0.00811049462688583,
      "excess": 0.00021069093645447075
    },
    "0.08": {
      "signals": 397446,
      "win_rate": 0.46187154984576523,
      "avg_ret": 0.008460334341533437,
      "excess": 0.0005605306511020768
    },
    "0.1": {
      "signals": 379780,
      "win_rate": 0.462507241034283,
      "avg_ret": 0.008836769359521922,
      "excess": 0.0009369656690905621
    },
    "0.12": {
      "signals": 343646,
      "win_rate": 0.4648475466031905,
      "avg_ret": 0.009716830237753634,
      "excess": 0.0018170265473222737
    },
    "0.15": {
      "signals": 265825,
      "win_rate": 0.4588620332925797,
      "avg_ret": 0.00877699416279401,
      "excess": 0.0008771904723626506
    },
    "0.18": {
      "signals": 174167,
      "win_rate": 0.45591300303731475,
      "avg_ret": 0.009514217806670111,
      "excess": 0.001614414116238751
    },
    "0.2": {
      "signals": 97474,
      "win_rate": 0.4488786753390648,
      "avg_ret": 0.009189086318938873,
      "excess": 0.0012892826285075126
    },
    "0.22": {
      "signals": 44327,
      "win_rate": 0.4370248381347711,
      "avg_ret": 0.007499991845416378,
      "excess": -0.0003998118450149824
    },
    "0.25": {
      "signals": 10379,
      "win_rate": 0.43173716157625974,
      "avg_ret": 0.005144196846985134,
      "excess": -0.002755606843446226
    },
    "0.28": {
      "signals": 1731,
      "win_rate": 0.42749855574812246,
      "avg_ret": -0.002691887263419347,
      "excess": -0.010591690953850708
    },
    "0.3": {
      "signals": 342,
      "win_rate": 0.45614035087719296,
      "avg_ret": -0.005815225130657321,
      "excess": -0.01371502882108868
    },
    "0.32": {
      "signals": 30,
      "win_rate": 0.5333333333333333,
      "avg_ret": 0.0025854976520264814,
      "excess": -0.005314306038404879
    }
  }
}