{
  "model": "5d_10%",
  "cost_model": {
    "commission": 0.0003,
    "stamp_duty": 0.0005,
    "slippage": 0.001,
    "round_trip": 0.0031
  },
  "total_trades": 4438,
  "win_rate": 0.4121225777377197,
  "avg_net_return": -0.007015647362016267,
  "profit_factor": 0.840253969567887,
  "full_cum_return": -0.381820010576401,
  "full_sharpe": -0.10172182370402982,
  "full_max_dd": -0.524112626337536
}