{
  "klen": 0.068183,
  "std_10": 0.060212,
  "roc_30": 0.046026,
  "alpha32": 0.040015,
  "min_60": 0.039656,
  "alpha24": 0.038586,
  "roc_60": 0.03826,
  "std_60": 0.037657,
  "std_20": 0.034063,
  "rsqr_60": 0.032618,
  "alpha19": 0.031268,
  "std_30": 0.030059,
  "beta_60": 0.030039,
  "alpha40": 0.029969,
  "max_60": 0.029842,
  "rsqr_30": 0.029677,
  "min_5": 0.028823,
  "alpha39": 0.025499,
  "alpha50": 0.02471,
  "alpha29": 0.023203,
  "max_5": 0.021377,
  "resi_30": 0.020677,
  "alpha6": 0.018141,
  "alpha42": 0.017931,
  "imax_60": 0.017788,
  "alpha72": 0.017744,
  "alpha26": 0.016628,
  "alpha94": 0.015779,
  "alpha88": 0.014806,
  "alpha37": 0.013929,
  "alpha31": 0.013771,
  "alpha98": 0.013077,
  "imax_30": 0.012339,
  "alpha16": 0.012247,
  "alpha77": 0.012223,
  "alpha47": 0.012132,
  "alpha2": 0.011164,
  "alpha83": 0.0107,
  "alpha45": 0.007206,
  "alpha99": 0.001975,
  "_total": 1.0
}